Prompt,Baseline,Fine_Tuned
This product is,"This product is not designed for a specific purpose.

","This product is a must for any person aged over 50 years. Please be aware that children under age 5 can experience a variety of health risks. In particular, any health risks may include:


"
I bought this phone and,"I bought this phone and I can't wait to get it done!""

""I just want to apologize, but I still don't know if I'll stop paying for the phone.""
""Thank you for it! Do you have any of the phone you get with me? Can't I be honest and tell you my phone got lost in the woods?""
I finally went to the phone, and my phone was ringing.
""Oh wait! I got it! I got the phone","I bought this phone and sent my photo to my friend.


I love these phones. I hope they come out on time and that I will keep you posted."
The quality of this item,"The quality of this item will depend on your current level of use.

","The quality of this item is very high. I ordered my first box of t-shirts last week, and I was pleasantly surprised by the quality. I love all the T-shirts I ordered. The T-shirts are so well packaged and are pretty sturdy. I have three t-shirts in the box for me, and it is one of my favorite. I think they are the best pieces of clothing I've ever created. The T-shirts are perfect for my family and friends so much"
